id,type,prefLabel,hasBody,hasTarget,motivatedBy
https://data.omgeving.vlaanderen.be/id/annotation/ATBAMAFKBVZNFJ-UHFFFAOYSA-N_c_l_harmonized_classification,http://www.w3.org/ns/oa#Annotation|https://data.omgeving.vlaanderen.be/ns/chemische_stof#Zorgwekkende_stof,c l harmonized classification,https://data.omgeving.vlaanderen.be/id/concept/zorgwekkende_stof/zorgwekkende_stof,https://data.omgeving.vlaanderen.be/id/concept/chemische_stof/ATBAMAFKBVZNFJ-UHFFFAOYSA-N,https://data.omgeving.vlaanderen.be/id/collection/zorgwekkende_stof/c_l_harmonized_classification
https://data.omgeving.vlaanderen.be/id/annotation/ATBAMAFKBVZNFJ-UHFFFAOYSA-N_pop_regulation,http://www.w3.org/ns/oa#Annotation|https://data.omgeving.vlaanderen.be/ns/chemische_stof#Zorgwekkende_stof,pop regulation,https://data.omgeving.vlaanderen.be/id/concept/zorgwekkende_stof/zorgwekkende_stof,https://data.omgeving.vlaanderen.be/id/concept/chemische_stof/ATBAMAFKBVZNFJ-UHFFFAOYSA-N,https://data.omgeving.vlaanderen.be/id/collection/zorgwekkende_stof/pop_regulation
https://data.omgeving.vlaanderen.be/id/annotation/BBEAQIROQSPTKN-UHFFFAOYSA-N_reach_svhcc_candidate_list,http://www.w3.org/ns/oa#Annotation|https://data.omgeving.vlaanderen.be/ns/chemische_stof#Zorgwekkende_stof,reach svhcc candidate list,https://data.omgeving.vlaanderen.be/id/concept/zorgwekkende_stof/zorgwekkende_stof,https://data.omgeving.vlaanderen.be/id/concept/chemische_stof/BBEAQIROQSPTKN-UHFFFAOYSA-N,https://data.omgeving.vlaanderen.be/id/collection/zorgwekkende_stof/reach_svhcc_candidate_list
https://data.omgeving.vlaanderen.be/id/annotation/BLEROMXYYSQFLX-UHFFFAOYSA-N_c_l_harmonized_classification,http://www.w3.org/ns/oa#Annotation|https://data.omgeving.vlaanderen.be/ns/chemische_stof#Zorgwekkende_stof,c l harmonized classification,https://data.omgeving.vlaanderen.be/id/concept/zorgwekkende_stof/zorgwekkende_stof,https://data.omgeving.vlaanderen.be/id/concept/chemische_stof/BLEROMXYYSQFLX-UHFFFAOYSA-N,https://data.omgeving.vlaanderen.be/id/collection/zorgwekkende_stof/c_l_harmonized_classification
https://data.omgeving.vlaanderen.be/id/annotation/BLEROMXYYSQFLX-UHFFFAOYSA-N_reach_svhcc_candidate_list,http://www.w3.org/ns/oa#Annotation|https://data.omgeving.vlaanderen.be/ns/chemische_stof#Zorgwekkende_stof,reach svhcc candidate list,https://data.omgeving.vlaanderen.be/id/concept/zorgwekkende_stof/zorgwekkende_stof,https://data.omgeving.vlaanderen.be/id/concept/chemische_stof/BLEROMXYYSQFLX-UHFFFAOYSA-N,https://data.omgeving.vlaanderen.be/id/collection/zorgwekkende_stof/reach_svhcc_candidate_list
https://data.omgeving.vlaanderen.be/id/annotation/BRLQWZUYTZBJKN-UHFFFAOYSA-N_c_l_harmonized_classification,http://www.w3.org/ns/oa#Annotation|https://data.omgeving.vlaanderen.be/ns/chemische_stof#Zorgwekkende_stof,c l harmonized classification,https://data.omgeving.vlaanderen.be/id/concept/zorgwekkende_stof/zorgwekkende_stof,https://data.omgeving.vlaanderen.be/id/concept/chemische_stof/BRLQWZUYTZBJKN-UHFFFAOYSA-N,https://data.omgeving.vlaanderen.be/id/collection/zorgwekkende_stof/c_l_harmonized_classification
https://data.omgeving.vlaanderen.be/id/annotation/BZHJMEDXRYGGRV-UHFFFAOYSA-N_c_l_harmonized_classification,http://www.w3.org/ns/oa#Annotation|https://data.omgeving.vlaanderen.be/ns/chemische_stof#Zorgwekkende_stof,c l harmonized classification,https://data.omgeving.vlaanderen.be/id/concept/zorgwekkende_stof/zorgwekkende_stof,https://data.omgeving.vlaanderen.be/id/concept/chemische_stof/BZHJMEDXRYGGRV-UHFFFAOYSA-N,https://data.omgeving.vlaanderen.be/id/collection/zorgwekkende_stof/c_l_harmonized_classification
https://data.omgeving.vlaanderen.be/id/annotation/CFXQEHVMCRXUSD-UHFFFAOYSA-N_c_l_harmonized_classification,http://www.w3.org/ns/oa#Annotation|https://data.omgeving.vlaanderen.be/ns/chemische_stof#Zorgwekkende_stof,c l harmonized classification,https://data.omgeving.vlaanderen.be/id/concept/zorgwekkende_stof/zorgwekkende_stof,https://data.omgeving.vlaanderen.be/id/concept/chemische_stof/CFXQEHVMCRXUSD-UHFFFAOYSA-N,https://data.omgeving.vlaanderen.be/id/collection/zorgwekkende_stof/c_l_harmonized_classification
https://data.omgeving.vlaanderen.be/id/annotation/CFXQEHVMCRXUSD-UHFFFAOYSA-N_reach_svhcc_candidate_list,http://www.w3.org/ns/oa#Annotation|https://data.omgeving.vlaanderen.be/ns/chemische_stof#Zorgwekkende_stof,reach svhcc candidate list,https://data.omgeving.vlaanderen.be/id/concept/zorgwekkende_stof/zorgwekkende_stof,https://data.omgeving.vlaanderen.be/id/concept/chemische_stof/CFXQEHVMCRXUSD-UHFFFAOYSA-N,https://data.omgeving.vlaanderen.be/id/collection/zorgwekkende_stof/reach_svhcc_candidate_list
https://data.omgeving.vlaanderen.be/id/annotation/CSEBNABAWMZWIF-UHFFFAOYSA-N_reach_svhcc_candidate_list,http://www.w3.org/ns/oa#Annotation|https://data.omgeving.vlaanderen.be/ns/chemische_stof#Zorgwekkende_stof,reach svhcc candidate list,https://data.omgeving.vlaanderen.be/id/concept/zorgwekkende_stof/zorgwekkende_stof,https://data.omgeving.vlaanderen.be/id/concept/chemische_stof/CSEBNABAWMZWIF-UHFFFAOYSA-N,https://data.omgeving.vlaanderen.be/id/collection/zorgwekkende_stof/reach_svhcc_candidate_list
https://data.omgeving.vlaanderen.be/id/annotation/CXGONMQFMIYUJR-UHFFFAOYSA-N_reach_svhcc_candidate_list,http://www.w3.org/ns/oa#Annotation|https://data.omgeving.vlaanderen.be/ns/chemische_stof#Zorgwekkende_stof,reach svhcc candidate list,https://data.omgeving.vlaanderen.be/id/concept/zorgwekkende_stof/zorgwekkende_stof,https://data.omgeving.vlaanderen.be/id/concept/chemische_stof/CXGONMQFMIYUJR-UHFFFAOYSA-N,https://data.omgeving.vlaanderen.be/id/collection/zorgwekkende_stof/reach_svhcc_candidate_list
https://data.omgeving.vlaanderen.be/id/annotation/CXNVOWPRHWWCQR-UHFFFAOYSA-N_c_l_harmonized_classification,http://www.w3.org/ns/oa#Annotation|https://data.omgeving.vlaanderen.be/ns/chemische_stof#Zorgwekkende_stof,c l harmonized classification,https://data.omgeving.vlaanderen.be/id/concept/zorgwekkende_stof/zorgwekkende_stof,https://data.omgeving.vlaanderen.be/id/concept/chemische_stof/CXNVOWPRHWWCQR-UHFFFAOYSA-N,https://data.omgeving.vlaanderen.be/id/collection/zorgwekkende_stof/c_l_harmonized_classification
https://data.omgeving.vlaanderen.be/id/annotation/DEWLEGDTCGBNGU-UHFFFAOYSA-N_c_l_harmonized_classification,http://www.w3.org/ns/oa#Annotation|https://data.omgeving.vlaanderen.be/ns/chemische_stof#Zorgwekkende_stof,c l harmonized classification,https://data.omgeving.vlaanderen.be/id/concept/zorgwekkende_stof/zorgwekkende_stof,https://data.omgeving.vlaanderen.be/id/concept/chemische_stof/DEWLEGDTCGBNGU-UHFFFAOYSA-N,https://data.omgeving.vlaanderen.be/id/collection/zorgwekkende_stof/c_l_harmonized_classification
https://data.omgeving.vlaanderen.be/id/annotation/DOIRQSBPFJWKBE-UHFFFAOYSA-N_c_l_harmonized_classification,http://www.w3.org/ns/oa#Annotation|https://data.omgeving.vlaanderen.be/ns/chemische_stof#Zorgwekkende_stof,c l harmonized classification,https://data.omgeving.vlaanderen.be/id/concept/zorgwekkende_stof/zorgwekkende_stof,https://data.omgeving.vlaanderen.be/id/concept/chemische_stof/DOIRQSBPFJWKBE-UHFFFAOYSA-N,https://data.omgeving.vlaanderen.be/id/collection/zorgwekkende_stof/c_l_harmonized_classification
https://data.omgeving.vlaanderen.be/id/annotation/DOIRQSBPFJWKBE-UHFFFAOYSA-N_edlists_org_list_i,http://www.w3.org/ns/oa#Annotation|https://data.omgeving.vlaanderen.be/ns/chemische_stof#Zorgwekkende_stof,edlists org list i,https://data.omgeving.vlaanderen.be/id/concept/zorgwekkende_stof/zorgwekkende_stof,https://data.omgeving.vlaanderen.be/id/concept/chemische_stof/DOIRQSBPFJWKBE-UHFFFAOYSA-N,https://data.omgeving.vlaanderen.be/id/collection/zorgwekkende_stof/edlists_org_list_i
https://data.omgeving.vlaanderen.be/id/annotation/DOIRQSBPFJWKBE-UHFFFAOYSA-N_reach_svhcc_candidate_list,http://www.w3.org/ns/oa#Annotation|https://data.omgeving.vlaanderen.be/ns/chemische_stof#Zorgwekkende_stof,reach svhcc candidate list,https://data.omgeving.vlaanderen.be/id/concept/zorgwekkende_stof/zorgwekkende_stof,https://data.omgeving.vlaanderen.be/id/concept/chemische_stof/DOIRQSBPFJWKBE-UHFFFAOYSA-N,https://data.omgeving.vlaanderen.be/id/collection/zorgwekkende_stof/reach_svhcc_candidate_list
https://data.omgeving.vlaanderen.be/id/annotation/DXBHBZVCASKNBY-UHFFFAOYSA-N_c_l_harmonized_classification,http://www.w3.org/ns/oa#Annotation|https://data.omgeving.vlaanderen.be/ns/chemische_stof#Zorgwekkende_stof,c l harmonized classification,https://data.omgeving.vlaanderen.be/id/concept/zorgwekkende_stof/zorgwekkende_stof,https://data.omgeving.vlaanderen.be/id/concept/chemische_stof/DXBHBZVCASKNBY-UHFFFAOYSA-N,https://data.omgeving.vlaanderen.be/id/collection/zorgwekkende_stof/c_l_harmonized_classification
https://data.omgeving.vlaanderen.be/id/annotation/DXBHBZVCASKNBY-UHFFFAOYSA-N_reach_svhcc_candidate_list,http://www.w3.org/ns/oa#Annotation|https://data.omgeving.vlaanderen.be/ns/chemische_stof#Zorgwekkende_stof,reach svhcc candidate list,https://data.omgeving.vlaanderen.be/id/concept/zorgwekkende_stof/zorgwekkende_stof,https://data.omgeving.vlaanderen.be/id/concept/chemische_stof/DXBHBZVCASKNBY-UHFFFAOYSA-N,https://data.omgeving.vlaanderen.be/id/collection/zorgwekkende_stof/reach_svhcc_candidate_list
https://data.omgeving.vlaanderen.be/id/annotation/GOOHAUXETOMSMM-UHFFFAOYSA-N_c_l_harmonized_classification,http://www.w3.org/ns/oa#Annotation|https://data.omgeving.vlaanderen.be/ns/chemische_stof#Zorgwekkende_stof,c l harmonized classification,https://data.omgeving.vlaanderen.be/id/concept/zorgwekkende_stof/zorgwekkende_stof,https://data.omgeving.vlaanderen.be/id/concept/chemische_stof/GOOHAUXETOMSMM-UHFFFAOYSA-N,https://data.omgeving.vlaanderen.be/id/collection/zorgwekkende_stof/c_l_harmonized_classification
https://data.omgeving.vlaanderen.be/id/annotation/GOOHAUXETOMSMM-UHFFFAOYSA-N_reach_svhcc_candidate_list,http://www.w3.org/ns/oa#Annotation|https://data.omgeving.vlaanderen.be/ns/chemische_stof#Zorgwekkende_stof,reach svhcc candidate list,https://data.omgeving.vlaanderen.be/id/concept/zorgwekkende_stof/zorgwekkende_stof,https://data.omgeving.vlaanderen.be/id/concept/chemische_stof/GOOHAUXETOMSMM-UHFFFAOYSA-N,https://data.omgeving.vlaanderen.be/id/collection/zorgwekkende_stof/reach_svhcc_candidate_list
https://data.omgeving.vlaanderen.be/id/annotation/GUTLYIVDDKVIGB-UHFFFAOYSA-N_c_l_harmonized_classification,http://www.w3.org/ns/oa#Annotation|https://data.omgeving.vlaanderen.be/ns/chemische_stof#Zorgwekkende_stof,c l harmonized classification,https://data.omgeving.vlaanderen.be/id/concept/zorgwekkende_stof/zorgwekkende_stof,https://data.omgeving.vlaanderen.be/id/concept/chemische_stof/GUTLYIVDDKVIGB-UHFFFAOYSA-N,https://data.omgeving.vlaanderen.be/id/collection/zorgwekkende_stof/c_l_harmonized_classification
https://data.omgeving.vlaanderen.be/id/annotation/GVEPBJHOBDJJJI-UHFFFAOYSA-N_reach_svhcc_candidate_list,http://www.w3.org/ns/oa#Annotation|https://data.omgeving.vlaanderen.be/ns/chemische_stof#Zorgwekkende_stof,reach svhcc candidate list,https://data.omgeving.vlaanderen.be/id/concept/zorgwekkende_stof/zorgwekkende_stof,https://data.omgeving.vlaanderen.be/id/concept/chemische_stof/GVEPBJHOBDJJJI-UHFFFAOYSA-N,https://data.omgeving.vlaanderen.be/id/collection/zorgwekkende_stof/reach_svhcc_candidate_list
https://data.omgeving.vlaanderen.be/id/annotation/GYFAGKUZYNFMBN-UHFFFAOYSA-N_reach_svhcc_candidate_list,http://www.w3.org/ns/oa#Annotation|https://data.omgeving.vlaanderen.be/ns/chemische_stof#Zorgwekkende_stof,reach svhcc candidate list,https://data.omgeving.vlaanderen.be/id/concept/zorgwekkende_stof/zorgwekkende_stof,https://data.omgeving.vlaanderen.be/id/concept/chemische_stof/GYFAGKUZYNFMBN-UHFFFAOYSA-N,https://data.omgeving.vlaanderen.be/id/collection/zorgwekkende_stof/reach_svhcc_candidate_list
https://data.omgeving.vlaanderen.be/id/annotation/HFACYLZERDEVSX-UHFFFAOYSA-N_c_l_harmonized_classification,http://www.w3.org/ns/oa#Annotation|https://data.omgeving.vlaanderen.be/ns/chemische_stof#Zorgwekkende_stof,c l harmonized classification,https://data.omgeving.vlaanderen.be/id/concept/zorgwekkende_stof/zorgwekkende_stof,https://data.omgeving.vlaanderen.be/id/concept/chemische_stof/HFACYLZERDEVSX-UHFFFAOYSA-N,https://data.omgeving.vlaanderen.be/id/collection/zorgwekkende_stof/c_l_harmonized_classification
https://data.omgeving.vlaanderen.be/id/annotation/HUWXDEQWWKGHRV-UHFFFAOYSA-N_c_l_harmonized_classification,http://www.w3.org/ns/oa#Annotation|https://data.omgeving.vlaanderen.be/ns/chemische_stof#Zorgwekkende_stof,c l harmonized classification,https://data.omgeving.vlaanderen.be/id/concept/zorgwekkende_stof/zorgwekkende_stof,https://data.omgeving.vlaanderen.be/id/concept/chemische_stof/HUWXDEQWWKGHRV-UHFFFAOYSA-N,https://data.omgeving.vlaanderen.be/id/collection/zorgwekkende_stof/c_l_harmonized_classification
https://data.omgeving.vlaanderen.be/id/annotation/IBOFVQJTBBUKMU-UHFFFAOYSA-N_c_l_harmonized_classification,http://www.w3.org/ns/oa#Annotation|https://data.omgeving.vlaanderen.be/ns/chemische_stof#Zorgwekkende_stof,c l harmonized classification,https://data.omgeving.vlaanderen.be/id/concept/zorgwekkende_stof/zorgwekkende_stof,https://data.omgeving.vlaanderen.be/id/concept/chemische_stof/IBOFVQJTBBUKMU-UHFFFAOYSA-N,https://data.omgeving.vlaanderen.be/id/collection/zorgwekkende_stof/c_l_harmonized_classification
https://data.omgeving.vlaanderen.be/id/annotation/IBOFVQJTBBUKMU-UHFFFAOYSA-N_reach_svhcc_candidate_list,http://www.w3.org/ns/oa#Annotation|https://data.omgeving.vlaanderen.be/ns/chemische_stof#Zorgwekkende_stof,reach svhcc candidate list,https://data.omgeving.vlaanderen.be/id/concept/zorgwekkende_stof/zorgwekkende_stof,https://data.omgeving.vlaanderen.be/id/concept/chemische_stof/IBOFVQJTBBUKMU-UHFFFAOYSA-N,https://data.omgeving.vlaanderen.be/id/collection/zorgwekkende_stof/reach_svhcc_candidate_list
https://data.omgeving.vlaanderen.be/id/annotation/IISBACLAFKSPIT-UHFFFAOYSA-N_c_l_harmonized_classification,http://www.w3.org/ns/oa#Annotation|https://data.omgeving.vlaanderen.be/ns/chemische_stof#Zorgwekkende_stof,c l harmonized classification,https://data.omgeving.vlaanderen.be/id/concept/zorgwekkende_stof/zorgwekkende_stof,https://data.omgeving.vlaanderen.be/id/concept/chemische_stof/IISBACLAFKSPIT-UHFFFAOYSA-N,https://data.omgeving.vlaanderen.be/id/collection/zorgwekkende_stof/c_l_harmonized_classification
https://data.omgeving.vlaanderen.be/id/annotation/IISBACLAFKSPIT-UHFFFAOYSA-N_edlists_org_list_i,http://www.w3.org/ns/oa#Annotation|https://data.omgeving.vlaanderen.be/ns/chemische_stof#Zorgwekkende_stof,edlists org list i,https://data.omgeving.vlaanderen.be/id/concept/zorgwekkende_stof/zorgwekkende_stof,https://data.omgeving.vlaanderen.be/id/concept/chemische_stof/IISBACLAFKSPIT-UHFFFAOYSA-N,https://data.omgeving.vlaanderen.be/id/collection/zorgwekkende_stof/edlists_org_list_i
https://data.omgeving.vlaanderen.be/id/annotation/IISBACLAFKSPIT-UHFFFAOYSA-N_reach_svhcc_candidate_list,http://www.w3.org/ns/oa#Annotation|https://data.omgeving.vlaanderen.be/ns/chemische_stof#Zorgwekkende_stof,reach svhcc candidate list,https://data.omgeving.vlaanderen.be/id/concept/zorgwekkende_stof/zorgwekkende_stof,https://data.omgeving.vlaanderen.be/id/concept/chemische_stof/IISBACLAFKSPIT-UHFFFAOYSA-N,https://data.omgeving.vlaanderen.be/id/collection/zorgwekkende_stof/reach_svhcc_candidate_list
https://data.omgeving.vlaanderen.be/id/annotation/IPKKHRVROFYTEK-UHFFFAOYSA-N_c_l_harmonized_classification,http://www.w3.org/ns/oa#Annotation|https://data.omgeving.vlaanderen.be/ns/chemische_stof#Zorgwekkende_stof,c l harmonized classification,https://data.omgeving.vlaanderen.be/id/concept/zorgwekkende_stof/zorgwekkende_stof,https://data.omgeving.vlaanderen.be/id/concept/chemische_stof/IPKKHRVROFYTEK-UHFFFAOYSA-N,https://data.omgeving.vlaanderen.be/id/collection/zorgwekkende_stof/c_l_harmonized_classification
https://data.omgeving.vlaanderen.be/id/annotation/IPKKHRVROFYTEK-UHFFFAOYSA-N_reach_svhcc_candidate_list,http://www.w3.org/ns/oa#Annotation|https://data.omgeving.vlaanderen.be/ns/chemische_stof#Zorgwekkende_stof,reach svhcc candidate list,https://data.omgeving.vlaanderen.be/id/concept/zorgwekkende_stof/zorgwekkende_stof,https://data.omgeving.vlaanderen.be/id/concept/chemische_stof/IPKKHRVROFYTEK-UHFFFAOYSA-N,https://data.omgeving.vlaanderen.be/id/collection/zorgwekkende_stof/reach_svhcc_candidate_list
https://data.omgeving.vlaanderen.be/id/annotation/IRIAEXORFWYRCZ-UHFFFAOYSA-N_c_l_harmonized_classification,http://www.w3.org/ns/oa#Annotation|https://data.omgeving.vlaanderen.be/ns/chemische_stof#Zorgwekkende_stof,c l harmonized classification,https://data.omgeving.vlaanderen.be/id/concept/zorgwekkende_stof/zorgwekkende_stof,https://data.omgeving.vlaanderen.be/id/concept/chemische_stof/IRIAEXORFWYRCZ-UHFFFAOYSA-N,https://data.omgeving.vlaanderen.be/id/collection/zorgwekkende_stof/c_l_harmonized_classification
https://data.omgeving.vlaanderen.be/id/annotation/IRIAEXORFWYRCZ-UHFFFAOYSA-N_edlists_org_list_i,http://www.w3.org/ns/oa#Annotation|https://data.omgeving.vlaanderen.be/ns/chemische_stof#Zorgwekkende_stof,edlists org list i,https://data.omgeving.vlaanderen.be/id/concept/zorgwekkende_stof/zorgwekkende_stof,https://data.omgeving.vlaanderen.be/id/concept/chemische_stof/IRIAEXORFWYRCZ-UHFFFAOYSA-N,https://data.omgeving.vlaanderen.be/id/collection/zorgwekkende_stof/edlists_org_list_i
https://data.omgeving.vlaanderen.be/id/annotation/IRIAEXORFWYRCZ-UHFFFAOYSA-N_reach_svhcc_candidate_list,http://www.w3.org/ns/oa#Annotation|https://data.omgeving.vlaanderen.be/ns/chemische_stof#Zorgwekkende_stof,reach svhcc candidate list,https://data.omgeving.vlaanderen.be/id/concept/zorgwekkende_stof/zorgwekkende_stof,https://data.omgeving.vlaanderen.be/id/concept/chemische_stof/IRIAEXORFWYRCZ-UHFFFAOYSA-N,https://data.omgeving.vlaanderen.be/id/collection/zorgwekkende_stof/reach_svhcc_candidate_list
https://data.omgeving.vlaanderen.be/id/annotation/JANBFCARANRIKJ-UHFFFAOYSA-N_c_l_harmonized_classification,http://www.w3.org/ns/oa#Annotation|https://data.omgeving.vlaanderen.be/ns/chemische_stof#Zorgwekkende_stof,c l harmonized classification,https://data.omgeving.vlaanderen.be/id/concept/zorgwekkende_stof/zorgwekkende_stof,https://data.omgeving.vlaanderen.be/id/concept/chemische_stof/JANBFCARANRIKJ-UHFFFAOYSA-N,https://data.omgeving.vlaanderen.be/id/collection/zorgwekkende_stof/c_l_harmonized_classification
https://data.omgeving.vlaanderen.be/id/annotation/JANBFCARANRIKJ-UHFFFAOYSA-N_reach_svhcc_candidate_list,http://www.w3.org/ns/oa#Annotation|https://data.omgeving.vlaanderen.be/ns/chemische_stof#Zorgwekkende_stof,reach svhcc candidate list,https://data.omgeving.vlaanderen.be/id/concept/zorgwekkende_stof/zorgwekkende_stof,https://data.omgeving.vlaanderen.be/id/concept/chemische_stof/JANBFCARANRIKJ-UHFFFAOYSA-N,https://data.omgeving.vlaanderen.be/id/collection/zorgwekkende_stof/reach_svhcc_candidate_list
https://data.omgeving.vlaanderen.be/id/annotation/JBIJLHTVPXGSAM-UHFFFAOYSA-N_c_l_harmonized_classification,http://www.w3.org/ns/oa#Annotation|https://data.omgeving.vlaanderen.be/ns/chemische_stof#Zorgwekkende_stof,c l harmonized classification,https://data.omgeving.vlaanderen.be/id/concept/zorgwekkende_stof/zorgwekkende_stof,https://data.omgeving.vlaanderen.be/id/concept/chemische_stof/JBIJLHTVPXGSAM-UHFFFAOYSA-N,https://data.omgeving.vlaanderen.be/id/collection/zorgwekkende_stof/c_l_harmonized_classification
https://data.omgeving.vlaanderen.be/id/annotation/JGTNAGYHADQMCM-UHFFFAOYSA-N_reach_svhcc_candidate_list,http://www.w3.org/ns/oa#Annotation|https://data.omgeving.vlaanderen.be/ns/chemische_stof#Zorgwekkende_stof,reach svhcc candidate list,https://data.omgeving.vlaanderen.be/id/concept/zorgwekkende_stof/zorgwekkende_stof,https://data.omgeving.vlaanderen.be/id/concept/chemische_stof/JGTNAGYHADQMCM-UHFFFAOYSA-N,https://data.omgeving.vlaanderen.be/id/collection/zorgwekkende_stof/reach_svhcc_candidate_list
https://data.omgeving.vlaanderen.be/id/annotation/JSFITYFUKSFPBZ-UHFFFAOYSA-N_edlists_org_list_i,http://www.w3.org/ns/oa#Annotation|https://data.omgeving.vlaanderen.be/ns/chemische_stof#Zorgwekkende_stof,edlists org list i,https://data.omgeving.vlaanderen.be/id/concept/zorgwekkende_stof/zorgwekkende_stof,https://data.omgeving.vlaanderen.be/id/concept/chemische_stof/JSFITYFUKSFPBZ-UHFFFAOYSA-N,https://data.omgeving.vlaanderen.be/id/collection/zorgwekkende_stof/edlists_org_list_i
https://data.omgeving.vlaanderen.be/id/annotation/JSFITYFUKSFPBZ-UHFFFAOYSA-N_reach_svhcc_candidate_list,http://www.w3.org/ns/oa#Annotation|https://data.omgeving.vlaanderen.be/ns/chemische_stof#Zorgwekkende_stof,reach svhcc candidate list,https://data.omgeving.vlaanderen.be/id/concept/zorgwekkende_stof/zorgwekkende_stof,https://data.omgeving.vlaanderen.be/id/concept/chemische_stof/JSFITYFUKSFPBZ-UHFFFAOYSA-N,https://data.omgeving.vlaanderen.be/id/collection/zorgwekkende_stof/reach_svhcc_candidate_list
https://data.omgeving.vlaanderen.be/id/annotation/JVZREVRTMWNFME-UHFFFAOYSA-N_c_l_harmonized_classification,http://www.w3.org/ns/oa#Annotation|https://data.omgeving.vlaanderen.be/ns/chemische_stof#Zorgwekkende_stof,c l harmonized classification,https://data.omgeving.vlaanderen.be/id/concept/zorgwekkende_stof/zorgwekkende_stof,https://data.omgeving.vlaanderen.be/id/concept/chemische_stof/JVZREVRTMWNFME-UHFFFAOYSA-N,https://data.omgeving.vlaanderen.be/id/collection/zorgwekkende_stof/c_l_harmonized_classification
https://data.omgeving.vlaanderen.be/id/annotation/JVZREVRTMWNFME-UHFFFAOYSA-N_reach_svhcc_candidate_list,http://www.w3.org/ns/oa#Annotation|https://data.omgeving.vlaanderen.be/ns/chemische_stof#Zorgwekkende_stof,reach svhcc candidate list,https://data.omgeving.vlaanderen.be/id/concept/zorgwekkende_stof/zorgwekkende_stof,https://data.omgeving.vlaanderen.be/id/concept/chemische_stof/JVZREVRTMWNFME-UHFFFAOYSA-N,https://data.omgeving.vlaanderen.be/id/collection/zorgwekkende_stof/reach_svhcc_candidate_list
https://data.omgeving.vlaanderen.be/id/annotation/KAKZBPTYRLMSJV-UHFFFAOYSA-N_c_l_harmonized_classification,http://www.w3.org/ns/oa#Annotation|https://data.omgeving.vlaanderen.be/ns/chemische_stof#Zorgwekkende_stof,c l harmonized classification,https://data.omgeving.vlaanderen.be/id/concept/zorgwekkende_stof/zorgwekkende_stof,https://data.omgeving.vlaanderen.be/id/concept/chemische_stof/KAKZBPTYRLMSJV-UHFFFAOYSA-N,https://data.omgeving.vlaanderen.be/id/collection/zorgwekkende_stof/c_l_harmonized_classification
https://data.omgeving.vlaanderen.be/id/annotation/KCXMKQUNVWSEMD-UHFFFAOYSA-N_c_l_harmonized_classification,http://www.w3.org/ns/oa#Annotation|https://data.omgeving.vlaanderen.be/ns/chemische_stof#Zorgwekkende_stof,c l harmonized classification,https://data.omgeving.vlaanderen.be/id/concept/zorgwekkende_stof/zorgwekkende_stof,https://data.omgeving.vlaanderen.be/id/concept/chemische_stof/KCXMKQUNVWSEMD-UHFFFAOYSA-N,https://data.omgeving.vlaanderen.be/id/collection/zorgwekkende_stof/c_l_harmonized_classification
https://data.omgeving.vlaanderen.be/id/annotation/KCXZNSGUUQJJTR-UHFFFAOYSA-N_c_l_harmonized_classification,http://www.w3.org/ns/oa#Annotation|https://data.omgeving.vlaanderen.be/ns/chemische_stof#Zorgwekkende_stof,c l harmonized classification,https://data.omgeving.vlaanderen.be/id/concept/zorgwekkende_stof/zorgwekkende_stof,https://data.omgeving.vlaanderen.be/id/concept/chemische_stof/KCXZNSGUUQJJTR-UHFFFAOYSA-N,https://data.omgeving.vlaanderen.be/id/collection/zorgwekkende_stof/c_l_harmonized_classification
https://data.omgeving.vlaanderen.be/id/annotation/KCXZNSGUUQJJTR-UHFFFAOYSA-N_reach_svhcc_candidate_list,http://www.w3.org/ns/oa#Annotation|https://data.omgeving.vlaanderen.be/ns/chemische_stof#Zorgwekkende_stof,reach svhcc candidate list,https://data.omgeving.vlaanderen.be/id/concept/zorgwekkende_stof/zorgwekkende_stof,https://data.omgeving.vlaanderen.be/id/concept/chemische_stof/KCXZNSGUUQJJTR-UHFFFAOYSA-N,https://data.omgeving.vlaanderen.be/id/collection/zorgwekkende_stof/reach_svhcc_candidate_list
https://data.omgeving.vlaanderen.be/id/annotation/KNKRKFALVUDBJE-UHFFFAOYSA-N_c_l_harmonized_classification,http://www.w3.org/ns/oa#Annotation|https://data.omgeving.vlaanderen.be/ns/chemische_stof#Zorgwekkende_stof,c l harmonized classification,https://data.omgeving.vlaanderen.be/id/concept/zorgwekkende_stof/zorgwekkende_stof,https://data.omgeving.vlaanderen.be/id/concept/chemische_stof/KNKRKFALVUDBJE-UHFFFAOYSA-N,https://data.omgeving.vlaanderen.be/id/collection/zorgwekkende_stof/c_l_harmonized_classification
https://data.omgeving.vlaanderen.be/id/annotation/LHRCREOYAASXPZ-UHFFFAOYSA-N_c_l_harmonized_classification,http://www.w3.org/ns/oa#Annotation|https://data.omgeving.vlaanderen.be/ns/chemische_stof#Zorgwekkende_stof,c l harmonized classification,https://data.omgeving.vlaanderen.be/id/concept/zorgwekkende_stof/zorgwekkende_stof,https://data.omgeving.vlaanderen.be/id/concept/chemische_stof/LHRCREOYAASXPZ-UHFFFAOYSA-N,https://data.omgeving.vlaanderen.be/id/collection/zorgwekkende_stof/c_l_harmonized_classification
https://data.omgeving.vlaanderen.be/id/annotation/LVDGGZAZAYHXEY-UHFFFAOYSA-N_reach_svhcc_candidate_list,http://www.w3.org/ns/oa#Annotation|https://data.omgeving.vlaanderen.be/ns/chemische_stof#Zorgwekkende_stof,reach svhcc candidate list,https://data.omgeving.vlaanderen.be/id/concept/zorgwekkende_stof/zorgwekkende_stof,https://data.omgeving.vlaanderen.be/id/concept/chemische_stof/LVDGGZAZAYHXEY-UHFFFAOYSA-N,https://data.omgeving.vlaanderen.be/id/collection/zorgwekkende_stof/reach_svhcc_candidate_list
https://data.omgeving.vlaanderen.be/id/annotation/MGWAVDBGNNKXQV-UHFFFAOYSA-N_c_l_harmonized_classification,http://www.w3.org/ns/oa#Annotation|https://data.omgeving.vlaanderen.be/ns/chemische_stof#Zorgwekkende_stof,c l harmonized classification,https://data.omgeving.vlaanderen.be/id/concept/zorgwekkende_stof/zorgwekkende_stof,https://data.omgeving.vlaanderen.be/id/concept/chemische_stof/MGWAVDBGNNKXQV-UHFFFAOYSA-N,https://data.omgeving.vlaanderen.be/id/collection/zorgwekkende_stof/c_l_harmonized_classification
https://data.omgeving.vlaanderen.be/id/annotation/MGWAVDBGNNKXQV-UHFFFAOYSA-N_edlists_org_list_i,http://www.w3.org/ns/oa#Annotation|https://data.omgeving.vlaanderen.be/ns/chemische_stof#Zorgwekkende_stof,edlists org list i,https://data.omgeving.vlaanderen.be/id/concept/zorgwekkende_stof/zorgwekkende_stof,https://data.omgeving.vlaanderen.be/id/concept/chemische_stof/MGWAVDBGNNKXQV-UHFFFAOYSA-N,https://data.omgeving.vlaanderen.be/id/collection/zorgwekkende_stof/edlists_org_list_i
https://data.omgeving.vlaanderen.be/id/annotation/MGWAVDBGNNKXQV-UHFFFAOYSA-N_reach_svhcc_candidate_list,http://www.w3.org/ns/oa#Annotation|https://data.omgeving.vlaanderen.be/ns/chemische_stof#Zorgwekkende_stof,reach svhcc candidate list,https://data.omgeving.vlaanderen.be/id/concept/zorgwekkende_stof/zorgwekkende_stof,https://data.omgeving.vlaanderen.be/id/concept/chemische_stof/MGWAVDBGNNKXQV-UHFFFAOYSA-N,https://data.omgeving.vlaanderen.be/id/collection/zorgwekkende_stof/reach_svhcc_candidate_list
https://data.omgeving.vlaanderen.be/id/annotation/MWPLVEDNUUSJAV-UHFFFAOYSA-N_reach_svhcc_candidate_list,http://www.w3.org/ns/oa#Annotation|https://data.omgeving.vlaanderen.be/ns/chemische_stof#Zorgwekkende_stof,reach svhcc candidate list,https://data.omgeving.vlaanderen.be/id/concept/zorgwekkende_stof/zorgwekkende_stof,https://data.omgeving.vlaanderen.be/id/concept/chemische_stof/MWPLVEDNUUSJAV-UHFFFAOYSA-N,https://data.omgeving.vlaanderen.be/id/collection/zorgwekkende_stof/reach_svhcc_candidate_list
https://data.omgeving.vlaanderen.be/id/annotation/NLHHRLWOUZZQLW-UHFFFAOYSA-N_c_l_harmonized_classification,http://www.w3.org/ns/oa#Annotation|https://data.omgeving.vlaanderen.be/ns/chemische_stof#Zorgwekkende_stof,c l harmonized classification,https://data.omgeving.vlaanderen.be/id/concept/zorgwekkende_stof/zorgwekkende_stof,https://data.omgeving.vlaanderen.be/id/concept/chemische_stof/NLHHRLWOUZZQLW-UHFFFAOYSA-N,https://data.omgeving.vlaanderen.be/id/collection/zorgwekkende_stof/c_l_harmonized_classification
https://data.omgeving.vlaanderen.be/id/annotation/NOWKCMXCCJGMRR-UHFFFAOYSA-N_c_l_harmonized_classification,http://www.w3.org/ns/oa#Annotation|https://data.omgeving.vlaanderen.be/ns/chemische_stof#Zorgwekkende_stof,c l harmonized classification,https://data.omgeving.vlaanderen.be/id/concept/zorgwekkende_stof/zorgwekkende_stof,https://data.omgeving.vlaanderen.be/id/concept/chemische_stof/NOWKCMXCCJGMRR-UHFFFAOYSA-N,https://data.omgeving.vlaanderen.be/id/collection/zorgwekkende_stof/c_l_harmonized_classification
https://data.omgeving.vlaanderen.be/id/annotation/OAKJQQAXSVQMHS-UHFFFAOYSA-N_c_l_harmonized_classification,http://www.w3.org/ns/oa#Annotation|https://data.omgeving.vlaanderen.be/ns/chemische_stof#Zorgwekkende_stof,c l harmonized classification,https://data.omgeving.vlaanderen.be/id/concept/zorgwekkende_stof/zorgwekkende_stof,https://data.omgeving.vlaanderen.be/id/concept/chemische_stof/OAKJQQAXSVQMHS-UHFFFAOYSA-N,https://data.omgeving.vlaanderen.be/id/collection/zorgwekkende_stof/c_l_harmonized_classification
https://data.omgeving.vlaanderen.be/id/annotation/PAAZPARNPHGIKF-UHFFFAOYSA-N_c_l_harmonized_classification,http://www.w3.org/ns/oa#Annotation|https://data.omgeving.vlaanderen.be/ns/chemische_stof#Zorgwekkende_stof,c l harmonized classification,https://data.omgeving.vlaanderen.be/id/concept/zorgwekkende_stof/zorgwekkende_stof,https://data.omgeving.vlaanderen.be/id/concept/chemische_stof/PAAZPARNPHGIKF-UHFFFAOYSA-N,https://data.omgeving.vlaanderen.be/id/collection/zorgwekkende_stof/c_l_harmonized_classification
https://data.omgeving.vlaanderen.be/id/annotation/PCIUEQPBYFRTEM-UHFFFAOYSA-N_c_l_harmonized_classification,http://www.w3.org/ns/oa#Annotation|https://data.omgeving.vlaanderen.be/ns/chemische_stof#Zorgwekkende_stof,c l harmonized classification,https://data.omgeving.vlaanderen.be/id/concept/zorgwekkende_stof/zorgwekkende_stof,https://data.omgeving.vlaanderen.be/id/concept/chemische_stof/PCIUEQPBYFRTEM-UHFFFAOYSA-N,https://data.omgeving.vlaanderen.be/id/collection/zorgwekkende_stof/c_l_harmonized_classification
https://data.omgeving.vlaanderen.be/id/annotation/PCIUEQPBYFRTEM-UHFFFAOYSA-N_reach_svhcc_candidate_list,http://www.w3.org/ns/oa#Annotation|https://data.omgeving.vlaanderen.be/ns/chemische_stof#Zorgwekkende_stof,reach svhcc candidate list,https://data.omgeving.vlaanderen.be/id/concept/zorgwekkende_stof/zorgwekkende_stof,https://data.omgeving.vlaanderen.be/id/concept/chemische_stof/PCIUEQPBYFRTEM-UHFFFAOYSA-N,https://data.omgeving.vlaanderen.be/id/collection/zorgwekkende_stof/reach_svhcc_candidate_list
https://data.omgeving.vlaanderen.be/id/annotation/QSHDDOUJBYECFT-UHFFFAOYSA-N_c_l_harmonized_classification,http://www.w3.org/ns/oa#Annotation|https://data.omgeving.vlaanderen.be/ns/chemische_stof#Zorgwekkende_stof,c l harmonized classification,https://data.omgeving.vlaanderen.be/id/concept/zorgwekkende_stof/zorgwekkende_stof,https://data.omgeving.vlaanderen.be/id/concept/chemische_stof/QSHDDOUJBYECFT-UHFFFAOYSA-N,https://data.omgeving.vlaanderen.be/id/collection/zorgwekkende_stof/c_l_harmonized_classification
https://data.omgeving.vlaanderen.be/id/annotation/QSNSCYSYFYORTR-UHFFFAOYSA-N_c_l_harmonized_classification,http://www.w3.org/ns/oa#Annotation|https://data.omgeving.vlaanderen.be/ns/chemische_stof#Zorgwekkende_stof,c l harmonized classification,https://data.omgeving.vlaanderen.be/id/concept/zorgwekkende_stof/zorgwekkende_stof,https://data.omgeving.vlaanderen.be/id/concept/chemische_stof/QSNSCYSYFYORTR-UHFFFAOYSA-N,https://data.omgeving.vlaanderen.be/id/collection/zorgwekkende_stof/c_l_harmonized_classification
https://data.omgeving.vlaanderen.be/id/annotation/QZHDEAJFRJCDMF-UHFFFAOYSA-N_reach_svhcc_candidate_list,http://www.w3.org/ns/oa#Annotation|https://data.omgeving.vlaanderen.be/ns/chemische_stof#Zorgwekkende_stof,reach svhcc candidate list,https://data.omgeving.vlaanderen.be/id/concept/zorgwekkende_stof/zorgwekkende_stof,https://data.omgeving.vlaanderen.be/id/concept/chemische_stof/QZHDEAJFRJCDMF-UHFFFAOYSA-N,https://data.omgeving.vlaanderen.be/id/collection/zorgwekkende_stof/reach_svhcc_candidate_list
https://data.omgeving.vlaanderen.be/id/annotation/RKELNIPLHQEBJO-UHFFFAOYSA-N_c_l_harmonized_classification,http://www.w3.org/ns/oa#Annotation|https://data.omgeving.vlaanderen.be/ns/chemische_stof#Zorgwekkende_stof,c l harmonized classification,https://data.omgeving.vlaanderen.be/id/concept/zorgwekkende_stof/zorgwekkende_stof,https://data.omgeving.vlaanderen.be/id/concept/chemische_stof/RKELNIPLHQEBJO-UHFFFAOYSA-N,https://data.omgeving.vlaanderen.be/id/collection/zorgwekkende_stof/c_l_harmonized_classification
https://data.omgeving.vlaanderen.be/id/annotation/RKELNIPLHQEBJO-UHFFFAOYSA-N_reach_svhcc_candidate_list,http://www.w3.org/ns/oa#Annotation|https://data.omgeving.vlaanderen.be/ns/chemische_stof#Zorgwekkende_stof,reach svhcc candidate list,https://data.omgeving.vlaanderen.be/id/concept/zorgwekkende_stof/zorgwekkende_stof,https://data.omgeving.vlaanderen.be/id/concept/chemische_stof/RKELNIPLHQEBJO-UHFFFAOYSA-N,https://data.omgeving.vlaanderen.be/id/collection/zorgwekkende_stof/reach_svhcc_candidate_list
https://data.omgeving.vlaanderen.be/id/annotation/RNVCVTLRINQCPJ-UHFFFAOYSA-N_c_l_harmonized_classification,http://www.w3.org/ns/oa#Annotation|https://data.omgeving.vlaanderen.be/ns/chemische_stof#Zorgwekkende_stof,c l harmonized classification,https://data.omgeving.vlaanderen.be/id/concept/zorgwekkende_stof/zorgwekkende_stof,https://data.omgeving.vlaanderen.be/id/concept/chemische_stof/RNVCVTLRINQCPJ-UHFFFAOYSA-N,https://data.omgeving.vlaanderen.be/id/collection/zorgwekkende_stof/c_l_harmonized_classification
https://data.omgeving.vlaanderen.be/id/annotation/RNVCVTLRINQCPJ-UHFFFAOYSA-N_reach_svhcc_candidate_list,http://www.w3.org/ns/oa#Annotation|https://data.omgeving.vlaanderen.be/ns/chemische_stof#Zorgwekkende_stof,reach svhcc candidate list,https://data.omgeving.vlaanderen.be/id/concept/zorgwekkende_stof/zorgwekkende_stof,https://data.omgeving.vlaanderen.be/id/concept/chemische_stof/RNVCVTLRINQCPJ-UHFFFAOYSA-N,https://data.omgeving.vlaanderen.be/id/collection/zorgwekkende_stof/reach_svhcc_candidate_list
https://data.omgeving.vlaanderen.be/id/annotation/RUDINRUXCKIXAJ-UHFFFAOYSA-N_reach_svhcc_candidate_list,http://www.w3.org/ns/oa#Annotation|https://data.omgeving.vlaanderen.be/ns/chemische_stof#Zorgwekkende_stof,reach svhcc candidate list,https://data.omgeving.vlaanderen.be/id/concept/zorgwekkende_stof/zorgwekkende_stof,https://data.omgeving.vlaanderen.be/id/concept/chemische_stof/RUDINRUXCKIXAJ-UHFFFAOYSA-N,https://data.omgeving.vlaanderen.be/id/collection/zorgwekkende_stof/reach_svhcc_candidate_list
https://data.omgeving.vlaanderen.be/id/annotation/RWGFKTVRMDUZSP-UHFFFAOYSA-N_c_l_harmonized_classification,http://www.w3.org/ns/oa#Annotation|https://data.omgeving.vlaanderen.be/ns/chemische_stof#Zorgwekkende_stof,c l harmonized classification,https://data.omgeving.vlaanderen.be/id/concept/zorgwekkende_stof/zorgwekkende_stof,https://data.omgeving.vlaanderen.be/id/concept/chemische_stof/RWGFKTVRMDUZSP-UHFFFAOYSA-N,https://data.omgeving.vlaanderen.be/id/collection/zorgwekkende_stof/c_l_harmonized_classification
https://data.omgeving.vlaanderen.be/id/annotation/RYHBNJHYFVUHQT-UHFFFAOYSA-N_c_l_harmonized_classification,http://www.w3.org/ns/oa#Annotation|https://data.omgeving.vlaanderen.be/ns/chemische_stof#Zorgwekkende_stof,c l harmonized classification,https://data.omgeving.vlaanderen.be/id/concept/zorgwekkende_stof/zorgwekkende_stof,https://data.omgeving.vlaanderen.be/id/concept/chemische_stof/RYHBNJHYFVUHQT-UHFFFAOYSA-N,https://data.omgeving.vlaanderen.be/id/collection/zorgwekkende_stof/c_l_harmonized_classification
https://data.omgeving.vlaanderen.be/id/annotation/RYHBNJHYFVUHQT-UHFFFAOYSA-N_reach_svhcc_candidate_list,http://www.w3.org/ns/oa#Annotation|https://data.omgeving.vlaanderen.be/ns/chemische_stof#Zorgwekkende_stof,reach svhcc candidate list,https://data.omgeving.vlaanderen.be/id/concept/zorgwekkende_stof/zorgwekkende_stof,https://data.omgeving.vlaanderen.be/id/concept/chemische_stof/RYHBNJHYFVUHQT-UHFFFAOYSA-N,https://data.omgeving.vlaanderen.be/id/collection/zorgwekkende_stof/reach_svhcc_candidate_list
https://data.omgeving.vlaanderen.be/id/annotation/SECXISVLQFMRJM-UHFFFAOYSA-N_c_l_harmonized_classification,http://www.w3.org/ns/oa#Annotation|https://data.omgeving.vlaanderen.be/ns/chemische_stof#Zorgwekkende_stof,c l harmonized classification,https://data.omgeving.vlaanderen.be/id/concept/zorgwekkende_stof/zorgwekkende_stof,https://data.omgeving.vlaanderen.be/id/concept/chemische_stof/SECXISVLQFMRJM-UHFFFAOYSA-N,https://data.omgeving.vlaanderen.be/id/collection/zorgwekkende_stof/c_l_harmonized_classification
https://data.omgeving.vlaanderen.be/id/annotation/SECXISVLQFMRJM-UHFFFAOYSA-N_reach_svhcc_candidate_list,http://www.w3.org/ns/oa#Annotation|https://data.omgeving.vlaanderen.be/ns/chemische_stof#Zorgwekkende_stof,reach svhcc candidate list,https://data.omgeving.vlaanderen.be/id/concept/zorgwekkende_stof/zorgwekkende_stof,https://data.omgeving.vlaanderen.be/id/concept/chemische_stof/SECXISVLQFMRJM-UHFFFAOYSA-N,https://data.omgeving.vlaanderen.be/id/collection/zorgwekkende_stof/reach_svhcc_candidate_list
https://data.omgeving.vlaanderen.be/id/annotation/SIDINRCMMRKXGQ-UHFFFAOYSA-N_reach_svhcc_candidate_list,http://www.w3.org/ns/oa#Annotation|https://data.omgeving.vlaanderen.be/ns/chemische_stof#Zorgwekkende_stof,reach svhcc candidate list,https://data.omgeving.vlaanderen.be/id/concept/zorgwekkende_stof/zorgwekkende_stof,https://data.omgeving.vlaanderen.be/id/concept/chemische_stof/SIDINRCMMRKXGQ-UHFFFAOYSA-N,https://data.omgeving.vlaanderen.be/id/collection/zorgwekkende_stof/reach_svhcc_candidate_list
https://data.omgeving.vlaanderen.be/id/annotation/UGFAIRIUMAVXCW-UHFFFAOYSA-N_c_l_harmonized_classification,http://www.w3.org/ns/oa#Annotation|https://data.omgeving.vlaanderen.be/ns/chemische_stof#Zorgwekkende_stof,c l harmonized classification,https://data.omgeving.vlaanderen.be/id/concept/zorgwekkende_stof/zorgwekkende_stof,https://data.omgeving.vlaanderen.be/id/concept/chemische_stof/UGFAIRIUMAVXCW-UHFFFAOYSA-N,https://data.omgeving.vlaanderen.be/id/collection/zorgwekkende_stof/c_l_harmonized_classification
https://data.omgeving.vlaanderen.be/id/annotation/UHOVQNZJYSORNB-UHFFFAOYSA-N_c_l_harmonized_classification,http://www.w3.org/ns/oa#Annotation|https://data.omgeving.vlaanderen.be/ns/chemische_stof#Zorgwekkende_stof,c l harmonized classification,https://data.omgeving.vlaanderen.be/id/concept/zorgwekkende_stof/zorgwekkende_stof,https://data.omgeving.vlaanderen.be/id/concept/chemische_stof/UHOVQNZJYSORNB-UHFFFAOYSA-N,https://data.omgeving.vlaanderen.be/id/collection/zorgwekkende_stof/c_l_harmonized_classification
https://data.omgeving.vlaanderen.be/id/annotation/UZUFPBIDKMEQEQ-UHFFFAOYSA-N_c_l_harmonized_classification,http://www.w3.org/ns/oa#Annotation|https://data.omgeving.vlaanderen.be/ns/chemische_stof#Zorgwekkende_stof,c l harmonized classification,https://data.omgeving.vlaanderen.be/id/concept/zorgwekkende_stof/zorgwekkende_stof,https://data.omgeving.vlaanderen.be/id/concept/chemische_stof/UZUFPBIDKMEQEQ-UHFFFAOYSA-N,https://data.omgeving.vlaanderen.be/id/collection/zorgwekkende_stof/c_l_harmonized_classification
https://data.omgeving.vlaanderen.be/id/annotation/UZUFPBIDKMEQEQ-UHFFFAOYSA-N_reach_svhcc_candidate_list,http://www.w3.org/ns/oa#Annotation|https://data.omgeving.vlaanderen.be/ns/chemische_stof#Zorgwekkende_stof,reach svhcc candidate list,https://data.omgeving.vlaanderen.be/id/concept/zorgwekkende_stof/zorgwekkende_stof,https://data.omgeving.vlaanderen.be/id/concept/chemische_stof/UZUFPBIDKMEQEQ-UHFFFAOYSA-N,https://data.omgeving.vlaanderen.be/id/collection/zorgwekkende_stof/reach_svhcc_candidate_list
https://data.omgeving.vlaanderen.be/id/annotation/VAYGXNSJCAHWJZ-UHFFFAOYSA-N_c_l_harmonized_classification,http://www.w3.org/ns/oa#Annotation|https://data.omgeving.vlaanderen.be/ns/chemische_stof#Zorgwekkende_stof,c l harmonized classification,https://data.omgeving.vlaanderen.be/id/concept/zorgwekkende_stof/zorgwekkende_stof,https://data.omgeving.vlaanderen.be/id/concept/chemische_stof/VAYGXNSJCAHWJZ-UHFFFAOYSA-N,https://data.omgeving.vlaanderen.be/id/collection/zorgwekkende_stof/c_l_harmonized_classification
https://data.omgeving.vlaanderen.be/id/annotation/VAYGXNSJCAHWJZ-UHFFFAOYSA-N_reach_svhcc_candidate_list,http://www.w3.org/ns/oa#Annotation|https://data.omgeving.vlaanderen.be/ns/chemische_stof#Zorgwekkende_stof,reach svhcc candidate list,https://data.omgeving.vlaanderen.be/id/concept/zorgwekkende_stof/zorgwekkende_stof,https://data.omgeving.vlaanderen.be/id/concept/chemische_stof/VAYGXNSJCAHWJZ-UHFFFAOYSA-N,https://data.omgeving.vlaanderen.be/id/collection/zorgwekkende_stof/reach_svhcc_candidate_list
https://data.omgeving.vlaanderen.be/id/annotation/VOWAEIGWURALJQ-UHFFFAOYSA-N_c_l_harmonized_classification,http://www.w3.org/ns/oa#Annotation|https://data.omgeving.vlaanderen.be/ns/chemische_stof#Zorgwekkende_stof,c l harmonized classification,https://data.omgeving.vlaanderen.be/id/concept/zorgwekkende_stof/zorgwekkende_stof,https://data.omgeving.vlaanderen.be/id/concept/chemische_stof/VOWAEIGWURALJQ-UHFFFAOYSA-N,https://data.omgeving.vlaanderen.be/id/collection/zorgwekkende_stof/c_l_harmonized_classification
https://data.omgeving.vlaanderen.be/id/annotation/VOWAEIGWURALJQ-UHFFFAOYSA-N_edlists_org_list_i,http://www.w3.org/ns/oa#Annotation|https://data.omgeving.vlaanderen.be/ns/chemische_stof#Zorgwekkende_stof,edlists org list i,https://data.omgeving.vlaanderen.be/id/concept/zorgwekkende_stof/zorgwekkende_stof,https://data.omgeving.vlaanderen.be/id/concept/chemische_stof/VOWAEIGWURALJQ-UHFFFAOYSA-N,https://data.omgeving.vlaanderen.be/id/collection/zorgwekkende_stof/edlists_org_list_i
https://data.omgeving.vlaanderen.be/id/annotation/VOWAEIGWURALJQ-UHFFFAOYSA-N_reach_svhcc_candidate_list,http://www.w3.org/ns/oa#Annotation|https://data.omgeving.vlaanderen.be/ns/chemische_stof#Zorgwekkende_stof,reach svhcc candidate list,https://data.omgeving.vlaanderen.be/id/concept/zorgwekkende_stof/zorgwekkende_stof,https://data.omgeving.vlaanderen.be/id/concept/chemische_stof/VOWAEIGWURALJQ-UHFFFAOYSA-N,https://data.omgeving.vlaanderen.be/id/collection/zorgwekkende_stof/reach_svhcc_candidate_list
https://data.omgeving.vlaanderen.be/id/annotation/VOZKAJLKRJDJLL-UHFFFAOYSA-N_c_l_harmonized_classification,http://www.w3.org/ns/oa#Annotation|https://data.omgeving.vlaanderen.be/ns/chemische_stof#Zorgwekkende_stof,c l harmonized classification,https://data.omgeving.vlaanderen.be/id/concept/zorgwekkende_stof/zorgwekkende_stof,https://data.omgeving.vlaanderen.be/id/concept/chemische_stof/VOZKAJLKRJDJLL-UHFFFAOYSA-N,https://data.omgeving.vlaanderen.be/id/collection/zorgwekkende_stof/c_l_harmonized_classification
https://data.omgeving.vlaanderen.be/id/annotation/VOZKAJLKRJDJLL-UHFFFAOYSA-N_reach_svhcc_candidate_list,http://www.w3.org/ns/oa#Annotation|https://data.omgeving.vlaanderen.be/ns/chemische_stof#Zorgwekkende_stof,reach svhcc candidate list,https://data.omgeving.vlaanderen.be/id/concept/zorgwekkende_stof/zorgwekkende_stof,https://data.omgeving.vlaanderen.be/id/concept/chemische_stof/VOZKAJLKRJDJLL-UHFFFAOYSA-N,https://data.omgeving.vlaanderen.be/id/collection/zorgwekkende_stof/reach_svhcc_candidate_list
https://data.omgeving.vlaanderen.be/id/annotation/WABPQHHGFIMREM-UHFFFAOYSA-N_reach_svhcc_candidate_list,http://www.w3.org/ns/oa#Annotation|https://data.omgeving.vlaanderen.be/ns/chemische_stof#Zorgwekkende_stof,reach svhcc candidate list,https://data.omgeving.vlaanderen.be/id/concept/zorgwekkende_stof/zorgwekkende_stof,https://data.omgeving.vlaanderen.be/id/concept/chemische_stof/WABPQHHGFIMREM-UHFFFAOYSA-N,https://data.omgeving.vlaanderen.be/id/collection/zorgwekkende_stof/reach_svhcc_candidate_list
https://data.omgeving.vlaanderen.be/id/annotation/WBEJYOJJBDISQU-UHFFFAOYSA-N_c_l_harmonized_classification,http://www.w3.org/ns/oa#Annotation|https://data.omgeving.vlaanderen.be/ns/chemische_stof#Zorgwekkende_stof,c l harmonized classification,https://data.omgeving.vlaanderen.be/id/concept/zorgwekkende_stof/zorgwekkende_stof,https://data.omgeving.vlaanderen.be/id/concept/chemische_stof/WBEJYOJJBDISQU-UHFFFAOYSA-N,https://data.omgeving.vlaanderen.be/id/collection/zorgwekkende_stof/c_l_harmonized_classification
https://data.omgeving.vlaanderen.be/id/annotation/WDECIBYCCFPHNR-UHFFFAOYSA-N_c_l_harmonized_classification,http://www.w3.org/ns/oa#Annotation|https://data.omgeving.vlaanderen.be/ns/chemische_stof#Zorgwekkende_stof,c l harmonized classification,https://data.omgeving.vlaanderen.be/id/concept/zorgwekkende_stof/zorgwekkende_stof,https://data.omgeving.vlaanderen.be/id/concept/chemische_stof/WDECIBYCCFPHNR-UHFFFAOYSA-N,https://data.omgeving.vlaanderen.be/id/collection/zorgwekkende_stof/c_l_harmonized_classification
https://data.omgeving.vlaanderen.be/id/annotation/WDECIBYCCFPHNR-UHFFFAOYSA-N_reach_svhcc_candidate_list,http://www.w3.org/ns/oa#Annotation|https://data.omgeving.vlaanderen.be/ns/chemische_stof#Zorgwekkende_stof,reach svhcc candidate list,https://data.omgeving.vlaanderen.be/id/concept/zorgwekkende_stof/zorgwekkende_stof,https://data.omgeving.vlaanderen.be/id/concept/chemische_stof/WDECIBYCCFPHNR-UHFFFAOYSA-N,https://data.omgeving.vlaanderen.be/id/collection/zorgwekkende_stof/reach_svhcc_candidate_list
https://data.omgeving.vlaanderen.be/id/annotation/WLZRMCYVCSSEQC-UHFFFAOYSA-N_reach_svhcc_candidate_list,http://www.w3.org/ns/oa#Annotation|https://data.omgeving.vlaanderen.be/ns/chemische_stof#Zorgwekkende_stof,reach svhcc candidate list,https://data.omgeving.vlaanderen.be/id/concept/zorgwekkende_stof/zorgwekkende_stof,https://data.omgeving.vlaanderen.be/id/concept/chemische_stof/WLZRMCYVCSSEQC-UHFFFAOYSA-N,https://data.omgeving.vlaanderen.be/id/collection/zorgwekkende_stof/reach_svhcc_candidate_list
https://data.omgeving.vlaanderen.be/id/annotation/WSFSSNUMVMOOMR-UHFFFAOYSA-N_c_l_harmonized_classification,http://www.w3.org/ns/oa#Annotation|https://data.omgeving.vlaanderen.be/ns/chemische_stof#Zorgwekkende_stof,c l harmonized classification,https://data.omgeving.vlaanderen.be/id/concept/zorgwekkende_stof/zorgwekkende_stof,https://data.omgeving.vlaanderen.be/id/concept/chemische_stof/WSFSSNUMVMOOMR-UHFFFAOYSA-N,https://data.omgeving.vlaanderen.be/id/collection/zorgwekkende_stof/c_l_harmonized_classification
https://data.omgeving.vlaanderen.be/id/annotation/WSLDOOZREJYCGB-UHFFFAOYSA-N_c_l_harmonized_classification,http://www.w3.org/ns/oa#Annotation|https://data.omgeving.vlaanderen.be/ns/chemische_stof#Zorgwekkende_stof,c l harmonized classification,https://data.omgeving.vlaanderen.be/id/concept/zorgwekkende_stof/zorgwekkende_stof,https://data.omgeving.vlaanderen.be/id/concept/chemische_stof/WSLDOOZREJYCGB-UHFFFAOYSA-N,https://data.omgeving.vlaanderen.be/id/collection/zorgwekkende_stof/c_l_harmonized_classification
https://data.omgeving.vlaanderen.be/id/annotation/WSLDOOZREJYCGB-UHFFFAOYSA-N_reach_svhcc_candidate_list,http://www.w3.org/ns/oa#Annotation|https://data.omgeving.vlaanderen.be/ns/chemische_stof#Zorgwekkende_stof,reach svhcc candidate list,https://data.omgeving.vlaanderen.be/id/concept/zorgwekkende_stof/zorgwekkende_stof,https://data.omgeving.vlaanderen.be/id/concept/chemische_stof/WSLDOOZREJYCGB-UHFFFAOYSA-N,https://data.omgeving.vlaanderen.be/id/collection/zorgwekkende_stof/reach_svhcc_candidate_list
https://data.omgeving.vlaanderen.be/id/annotation/XKJMBINCVNINCA-UHFFFAOYSA-N_c_l_harmonized_classification,http://www.w3.org/ns/oa#Annotation|https://data.omgeving.vlaanderen.be/ns/chemische_stof#Zorgwekkende_stof,c l harmonized classification,https://data.omgeving.vlaanderen.be/id/concept/zorgwekkende_stof/zorgwekkende_stof,https://data.omgeving.vlaanderen.be/id/concept/chemische_stof/XKJMBINCVNINCA-UHFFFAOYSA-N,https://data.omgeving.vlaanderen.be/id/collection/zorgwekkende_stof/c_l_harmonized_classification
https://data.omgeving.vlaanderen.be/id/annotation/XLYOFNOQVPJJNP-UHFFFAOYSA-N_c_l_harmonized_classification,http://www.w3.org/ns/oa#Annotation|https://data.omgeving.vlaanderen.be/ns/chemische_stof#Zorgwekkende_stof,c l harmonized classification,https://data.omgeving.vlaanderen.be/id/concept/zorgwekkende_stof/zorgwekkende_stof,https://data.omgeving.vlaanderen.be/id/concept/chemische_stof/XLYOFNOQVPJJNP-UHFFFAOYSA-N,https://data.omgeving.vlaanderen.be/id/collection/zorgwekkende_stof/c_l_harmonized_classification
https://data.omgeving.vlaanderen.be/id/annotation/XLYOFNOQVPJJNP-UHFFFAOYSA-N_reach_svhcc_candidate_list,http://www.w3.org/ns/oa#Annotation|https://data.omgeving.vlaanderen.be/ns/chemische_stof#Zorgwekkende_stof,reach svhcc candidate list,https://data.omgeving.vlaanderen.be/id/concept/zorgwekkende_stof/zorgwekkende_stof,https://data.omgeving.vlaanderen.be/id/concept/chemische_stof/XLYOFNOQVPJJNP-UHFFFAOYSA-N,https://data.omgeving.vlaanderen.be/id/collection/zorgwekkende_stof/reach_svhcc_candidate_list
https://data.omgeving.vlaanderen.be/id/annotation/XNWFRZJHXBZDAG-UHFFFAOYSA-N_c_l_harmonized_classification,http://www.w3.org/ns/oa#Annotation|https://data.omgeving.vlaanderen.be/ns/chemische_stof#Zorgwekkende_stof,c l harmonized classification,https://data.omgeving.vlaanderen.be/id/concept/zorgwekkende_stof/zorgwekkende_stof,https://data.omgeving.vlaanderen.be/id/concept/chemische_stof/XNWFRZJHXBZDAG-UHFFFAOYSA-N,https://data.omgeving.vlaanderen.be/id/collection/zorgwekkende_stof/c_l_harmonized_classification
https://data.omgeving.vlaanderen.be/id/annotation/XNWFRZJHXBZDAG-UHFFFAOYSA-N_reach_svhcc_candidate_list,http://www.w3.org/ns/oa#Annotation|https://data.omgeving.vlaanderen.be/ns/chemische_stof#Zorgwekkende_stof,reach svhcc candidate list,https://data.omgeving.vlaanderen.be/id/concept/zorgwekkende_stof/zorgwekkende_stof,https://data.omgeving.vlaanderen.be/id/concept/chemische_stof/XNWFRZJHXBZDAG-UHFFFAOYSA-N,https://data.omgeving.vlaanderen.be/id/collection/zorgwekkende_stof/reach_svhcc_candidate_list
https://data.omgeving.vlaanderen.be/id/annotation/XSTXAVWGXDQKEL-UHFFFAOYSA-N_c_l_harmonized_classification,http://www.w3.org/ns/oa#Annotation|https://data.omgeving.vlaanderen.be/ns/chemische_stof#Zorgwekkende_stof,c l harmonized classification,https://data.omgeving.vlaanderen.be/id/concept/zorgwekkende_stof/zorgwekkende_stof,https://data.omgeving.vlaanderen.be/id/concept/chemische_stof/XSTXAVWGXDQKEL-UHFFFAOYSA-N,https://data.omgeving.vlaanderen.be/id/collection/zorgwekkende_stof/c_l_harmonized_classification
https://data.omgeving.vlaanderen.be/id/annotation/XSTXAVWGXDQKEL-UHFFFAOYSA-N_reach_svhcc_candidate_list,http://www.w3.org/ns/oa#Annotation|https://data.omgeving.vlaanderen.be/ns/chemische_stof#Zorgwekkende_stof,reach svhcc candidate list,https://data.omgeving.vlaanderen.be/id/concept/zorgwekkende_stof/zorgwekkende_stof,https://data.omgeving.vlaanderen.be/id/concept/chemische_stof/XSTXAVWGXDQKEL-UHFFFAOYSA-N,https://data.omgeving.vlaanderen.be/id/collection/zorgwekkende_stof/reach_svhcc_candidate_list
https://data.omgeving.vlaanderen.be/id/annotation/YACLQRRMGMJLJV-UHFFFAOYSA-N_c_l_harmonized_classification,http://www.w3.org/ns/oa#Annotation|https://data.omgeving.vlaanderen.be/ns/chemische_stof#Zorgwekkende_stof,c l harmonized classification,https://data.omgeving.vlaanderen.be/id/concept/zorgwekkende_stof/zorgwekkende_stof,https://data.omgeving.vlaanderen.be/id/concept/chemische_stof/YACLQRRMGMJLJV-UHFFFAOYSA-N,https://data.omgeving.vlaanderen.be/id/collection/zorgwekkende_stof/c_l_harmonized_classification
https://data.omgeving.vlaanderen.be/id/annotation/YBRVSVVVWCFQMG-UHFFFAOYSA-N_c_l_harmonized_classification,http://www.w3.org/ns/oa#Annotation|https://data.omgeving.vlaanderen.be/ns/chemische_stof#Zorgwekkende_stof,c l harmonized classification,https://data.omgeving.vlaanderen.be/id/concept/zorgwekkende_stof/zorgwekkende_stof,https://data.omgeving.vlaanderen.be/id/concept/chemische_stof/YBRVSVVVWCFQMG-UHFFFAOYSA-N,https://data.omgeving.vlaanderen.be/id/collection/zorgwekkende_stof/c_l_harmonized_classification
https://data.omgeving.vlaanderen.be/id/annotation/YBRVSVVVWCFQMG-UHFFFAOYSA-N_reach_svhcc_candidate_list,http://www.w3.org/ns/oa#Annotation|https://data.omgeving.vlaanderen.be/ns/chemische_stof#Zorgwekkende_stof,reach svhcc candidate list,https://data.omgeving.vlaanderen.be/id/concept/zorgwekkende_stof/zorgwekkende_stof,https://data.omgeving.vlaanderen.be/id/concept/chemische_stof/YBRVSVVVWCFQMG-UHFFFAOYSA-N,https://data.omgeving.vlaanderen.be/id/collection/zorgwekkende_stof/reach_svhcc_candidate_list
https://data.omgeving.vlaanderen.be/id/annotation/YNPNZTXNASCQKK-UHFFFAOYSA-N_reach_svhcc_candidate_list,http://www.w3.org/ns/oa#Annotation|https://data.omgeving.vlaanderen.be/ns/chemische_stof#Zorgwekkende_stof,reach svhcc candidate list,https://data.omgeving.vlaanderen.be/id/concept/zorgwekkende_stof/zorgwekkende_stof,https://data.omgeving.vlaanderen.be/id/concept/chemische_stof/YNPNZTXNASCQKK-UHFFFAOYSA-N,https://data.omgeving.vlaanderen.be/id/collection/zorgwekkende_stof/reach_svhcc_candidate_list
https://data.omgeving.vlaanderen.be/id/annotation/YZCKVEUIGOORGS-UHFFFAOYSA-N_reach_svhcc_candidate_list,http://www.w3.org/ns/oa#Annotation|https://data.omgeving.vlaanderen.be/ns/chemische_stof#Zorgwekkende_stof,reach svhcc candidate list,https://data.omgeving.vlaanderen.be/id/concept/zorgwekkende_stof/zorgwekkende_stof,https://data.omgeving.vlaanderen.be/id/concept/chemische_stof/YZCKVEUIGOORGS-UHFFFAOYSA-N,https://data.omgeving.vlaanderen.be/id/collection/zorgwekkende_stof/reach_svhcc_candidate_list
https://data.omgeving.vlaanderen.be/id/annotation/ZMXDDKWLCZADIW-UHFFFAOYSA-N_c_l_harmonized_classification,http://www.w3.org/ns/oa#Annotation|https://data.omgeving.vlaanderen.be/ns/chemische_stof#Zorgwekkende_stof,c l harmonized classification,https://data.omgeving.vlaanderen.be/id/concept/zorgwekkende_stof/zorgwekkende_stof,https://data.omgeving.vlaanderen.be/id/concept/chemische_stof/ZMXDDKWLCZADIW-UHFFFAOYSA-N,https://data.omgeving.vlaanderen.be/id/collection/zorgwekkende_stof/c_l_harmonized_classification
https://data.omgeving.vlaanderen.be/id/annotation/ZMXDDKWLCZADIW-UHFFFAOYSA-N_reach_svhcc_candidate_list,http://www.w3.org/ns/oa#Annotation|https://data.omgeving.vlaanderen.be/ns/chemische_stof#Zorgwekkende_stof,reach svhcc candidate list,https://data.omgeving.vlaanderen.be/id/concept/zorgwekkende_stof/zorgwekkende_stof,https://data.omgeving.vlaanderen.be/id/concept/chemische_stof/ZMXDDKWLCZADIW-UHFFFAOYSA-N,https://data.omgeving.vlaanderen.be/id/collection/zorgwekkende_stof/reach_svhcc_candidate_list
https://data.omgeving.vlaanderen.be/id/annotation/ZNQVEEAIQZEUHB-UHFFFAOYSA-N_c_l_harmonized_classification,http://www.w3.org/ns/oa#Annotation|https://data.omgeving.vlaanderen.be/ns/chemische_stof#Zorgwekkende_stof,c l harmonized classification,https://data.omgeving.vlaanderen.be/id/concept/zorgwekkende_stof/zorgwekkende_stof,https://data.omgeving.vlaanderen.be/id/concept/chemische_stof/ZNQVEEAIQZEUHB-UHFFFAOYSA-N,https://data.omgeving.vlaanderen.be/id/collection/zorgwekkende_stof/c_l_harmonized_classification
https://data.omgeving.vlaanderen.be/id/annotation/ZNQVEEAIQZEUHB-UHFFFAOYSA-N_reach_svhcc_candidate_list,http://www.w3.org/ns/oa#Annotation|https://data.omgeving.vlaanderen.be/ns/chemische_stof#Zorgwekkende_stof,reach svhcc candidate list,https://data.omgeving.vlaanderen.be/id/concept/zorgwekkende_stof/zorgwekkende_stof,https://data.omgeving.vlaanderen.be/id/concept/chemische_stof/ZNQVEEAIQZEUHB-UHFFFAOYSA-N,https://data.omgeving.vlaanderen.be/id/collection/zorgwekkende_stof/reach_svhcc_candidate_list